INSERT INTO KRAJE VALUES ('Polska', UPPER('pol'));
INSERT INTO KRAJE VALUES ('Niemcy', UPPER('ger'));
INSERT INTO KRAJE VALUES ('Francja', UPPER('fra'));
INSERT INTO KRAJE VALUES ('Norwegia', UPPER('nor'));
INSERT INTO KRAJE VALUES ('S³owenia', UPPER('slo'));
INSERT INTO KRAJE VALUES ('Austria', UPPER('aut'));
INSERT INTO KRAJE VALUES ('USA', UPPER('usa'));
INSERT INTO KRAJE VALUES ('Kanada', UPPER('can'));
INSERT INTO KRAJE VALUES ('Japonia', UPPER('jpn'));
INSERT INTO KRAJE VALUES ('Korea P³d.', UPPER('kor'));
INSERT INTO KRAJE VALUES ('W³ochy', UPPER('ita'));
INSERT INTO KRAJE VALUES ('Rosja', UPPER('rus'));
INSERT INTO KRAJE VALUES ('Finlandia', UPPER('fin'));
INSERT INTO KRAJE VALUES ('Chiny', UPPER('chn'));
INSERT INTO KRAJE VALUES ('Hiszpania', UPPER('esp'));
INSERT INTO KRAJE VALUES ('Czechy', UPPER('cze'));
INSERT INTO KRAJE VALUES ('S³owacja', UPPER('svk'));
INSERT INTO KRAJE VALUES ('Estonia', UPPER('est'));
INSERT INTO KRAJE VALUES ('Ukraina', UPPER('ukr'));
INSERT INTO KRAJE VALUES ('Wielka Brytania', UPPER('gbr'));
INSERT INTO KRAJE VALUES ('Rumunia', UPPER('rou'));
INSERT INTO KRAJE VALUES ('Bu³garia', UPPER('bul'));
INSERT INTO KRAJE VALUES ('Szwajcaria', UPPER('sui'));
INSERT INTO KRAJE VALUES ('Szwecja', UPPER('swe'));
INSERT INTO KRAJE VALUES ('Andora', UPPER('and'));
INSERT INTO KRAJE VALUES ('£otwa', UPPER('lat'));
INSERT INTO KRAJE VALUES ('holandia', 'hol');

INSERT INTO MIASTA VALUES ('Zakopane', 'POL');
INSERT INTO MIASTA VALUES ('Planica', 'SLO');
INSERT INTO MIASTA VALUES ('Oslo', 'NOR');
INSERT INTO MIASTA VALUES ('Lahti', 'FIN');
INSERT INTO MIASTA VALUES ('Falun', 'SWE');
INSERT INTO MIASTA VALUES ('Lillehammer', 'NOR');
INSERT INTO MIASTA VALUES ('Liberec', 'CZE');
INSERT INTO MIASTA VALUES ('Sochi', 'RUS');
INSERT INTO MIASTA VALUES ('Wisla', 'POL');
INSERT INTO MIASTA VALUES ('Oberstdorf', 'GER');
INSERT INTO MIASTA VALUES ('Garmisch-Partenkirchen', 'GER');
INSERT INTO MIASTA VALUES ('Innsbruck', 'AUT');
INSERT INTO MIASTA VALUES ('Bischofshofen', 'AUT');
INSERT INTO MIASTA VALUES ('Sapporo', 'JPN');
INSERT INTO MIASTA VALUES ('Willingen', 'GER');
INSERT INTO MIASTA VALUES ('Val di Fiemme', 'ITA');
INSERT INTO MIASTA VALUES ('Rasnov', 'ROU');
INSERT INTO MIASTA VALUES ('Szczyrk', 'POL');
INSERT INTO MIASTA VALUES ('Vikersund', 'NOR');
INSERT INTO MIASTA VALUES ('Park City', 'USA');
INSERT INTO MIASTA VALUES ('Kuusamo', 'FIN');
INSERT INTO MIASTA VALUES ('Sigulda', 'LAT');
INSERT INTO MIASTA VALUES ('Salzburg', 'AUT');
INSERT INTO MIASTA VALUES ('Ostersund', 'SWE');
INSERT INTO MIASTA VALUES ('Andorra la Vella', 'AND');
INSERT INTO MIASTA VALUES ('Courchevel', 'FRA');
INSERT INTO MIASTA VALUES ('Engelberg', 'SUI');
INSERT INTO MIASTA VALUES ('Pyeongchang', 'KOR');
INSERT INTO MIASTA VALUES ('Heerenveen', 'HOL');
INSERT INTO MIASTA VALUES ('Ramsau', 'AUT');
INSERT INTO MIASTA VALUES ('Calgary', 'CAN');
INSERT INTO MIASTA VALUES ('Pekin', 'CHN');


INSERT INTO OSOBY VALUES ('Geiger', 'Karl', 'M', '1993-02-11', 'GER');
INSERT INTO OSOBY VALUES ('Stoch', 'Kamil', 'M','1987-05-27', 'POL');
INSERT INTO OSOBY VALUES ('Kraft', 'Stefan', 'M', '1993-05-13', 'AUT');
INSERT INTO OSOBY VALUES ('Lundby', 'Maren', 'K', '1994-07-05', 'NOR');
INSERT INTO OSOBY VALUES ('Takanashi', 'Sara', 'K', '1996-10-08', 'JPN');
INSERT INTO OSOBY VALUES ('Althaus', 'Katharina', 'K', '1993-02-14', 'GER');
INSERT INTO OSOBY VALUES ('Riiber', 'Jarl Magnus', 'M', '1991-01-17', 'NOR');
INSERT INTO OSOBY VALUES ('Ilves', 'Kristjan', 'M', '1996-11-04', 'EST');
INSERT INTO OSOBY VALUES ('Bjoerndalen', 'Ole Einar', 'M', '1975-03-11', 'NOR');
INSERT INTO OSOBY VALUES ('Horngacher', 'Stefan', 'M', '1968-11-20', 'AUT');
INSERT INTO OSOBY VALUES ('Dolezal', 'Michal', 'M', '1981-09-15', 'CZE');
INSERT INTO OSOBY VALUES ('Klimov', 'Evgeniy', 'M', '1997-11-25', 'RUS');
INSERT INTO OSOBY VALUES ('Deschwanden', 'Gregor', 'M', '1993-02-08', 'SUI');
INSERT INTO OSOBY VALUES ('Boyd-Clowes', 'Mackenzie', 'M', '1991-03-02', 'CAN');
INSERT INTO OSOBY VALUES ('Jelar', 'Ziga', 'M', '1986-11-29', 'SLO');
INSERT INTO OSOBY VALUES ('Zajc', 'Timi', 'M', '2000-12-11', 'SLO');
INSERT INTO OSOBY VALUES ('Aalto', 'Antti', 'M', '1995-10-26', 'FIN');
INSERT INTO OSOBY VALUES ('Stoeckl', 'Alexander', 'M', '1973-10-28', 'AUT');
INSERT INTO OSOBY VALUES ('Eisenbichler', 'Markus', 'M', '1993-08-19', 'GER');
INSERT INTO OSOBY VALUES ('Bresadola', 'Giovanni', 'M', '2001-01-29', 'ITA');
INSERT INTO OSOBY VALUES ('Larson', 'Casey', 'M', '1996-01-08', 'USA');
INSERT INTO OSOBY VALUES ('Kalinichenko', 'Vitaliy', 'M', '1994-07-23', 'UKR');
INSERT INTO OSOBY VALUES ('Kramer', 'Marita', 'K', '1998-11-05', 'AUT');
INSERT INTO OSOBY VALUES ('Ito', 'Yuki', 'K', '2000-06-11', 'JPN');
INSERT INTO OSOBY VALUES ('Clair', 'Julia', 'K', '1998-05-28', 'FRA');
INSERT INTO OSOBY VALUES ('Haralambie', 'Daniela Vasilica', 'K', '1996-09-03', 'ROU');
INSERT INTO OSOBY VALUES ('Rogelj', 'Spelja', 'K', '1998-11-09', 'SLO');
INSERT INTO OSOBY VALUES ('Hauswirth', 'Sandro', 'M', '2000-04-23', 'SUI');
INSERT INTO OSOBY VALUES ('Zografski', 'Vladimir', 'M', '1993-02-26', 'BUL');
INSERT INTO OSOBY VALUES ('Kavilo', 'Henri', 'M', '1985-08-23', 'FIN');
INSERT INTO OSOBY VALUES ('Antonissen', 'Lars', 'M', '1995-01-30', 'HOL');
INSERT INTO OSOBY VALUES ('Kablukova', 'Ksenya', 'K', '2002-12-16', 'RUS');
INSERT INTO OSOBY VALUES ('Norstedt', 'Astrid', 'K', '2000-11-12', 'SWE');
INSERT INTO OSOBY VALUES ('Miyahira', 'Hideharu', 'M', '1970-08-11', 'JPN');
INSERT INTO OSOBY VALUES ('Juris', 'Jaan', 'M', '1977-06-23', 'EST');
INSERT INTO OSOBY VALUES ('Morassi', 'Andrea', 'M', '1982-04-06', 'ITA');
INSERT INTO OSOBY VALUES ('Norcic', 'Bine', 'M', '1964-02-06', 'SLO');
INSERT INTO OSOBY VALUES ('Felder', 'Andreas', 'M', '1973-03-11', 'AUT');
INSERT INTO OSOBY VALUES ('Choi', 'Seou', 'M', '1982-10-26', 'KOR');
INSERT INTO OSOBY VALUES ('Altimiras', 'Irineu Esteve', 'M', '1996-06-21', 'AND');
INSERT INTO OSOBY VALUES ('Boe', 'Tarjei', 'M', '1992-10-19', 'NOR');
INSERT INTO OSOBY VALUES ('Boe', 'Johannes Thingnes', 'M', '1995-06-08', 'NOR');
INSERT INTO OSOBY VALUES ('Maciusiak', 'Maciej', 'M', '1978-05-28', 'POL');
INSERT INTO OSOBY VALUES ('Liegl', 'Florian', 'M', '1972-04-15', 'AUT');
INSERT INTO OSOBY VALUES ('Nezhborts', 'Kristaps', 'M', '2000-01-03', 'LAT');
INSERT INTO OSOBY VALUES ('bertoncelj', 'gorazd', 'M', '1976-02-26', 'SLO'); /* nawet jesli wprowadze imie i nazwisko malymi literami, trigger zamieni pierwsza litere na wielka */


INSERT INTO DYSCYPLINY VALUES ('Skoki narciarskie', 'FIS');
INSERT INTO DYSCYPLINY VALUES ('Biegi narciarskie', 'FIS');
INSERT INTO DYSCYPLINY VALUES ('Kombinacja norweska', 'FIS');
INSERT INTO DYSCYPLINY VALUES ('Narciarstwo alpejskie', 'FIS');
INSERT INTO DYSCYPLINY VALUES ('Snowboard', 'FIS');
INSERT INTO DYSCYPLINY VALUES ('Biathlon', 'IBU');
INSERT INTO DYSCYPLINY VALUES ('£y¿wiarstwo szybkie', 'ISU');
INSERT INTO DYSCYPLINY VALUES ('Saneczkarstwo', 'FIL');
INSERT INTO DYSCYPLINY VALUES ('£y¿wiarstwo figurowe', 'ISU');
INSERT INTO DYSCYPLINY VALUES ('Bobsleje', 'FIBT');
INSERT INTO DYSCYPLINY VALUES ('Skeleton', 'FIL');

INSERT INTO KLUBY_SPORTOWE VALUES ('SC 1906 Oberstdorf', 1906, 'Oberstdorf');
INSERT INTO KLUBY_SPORTOWE VALUES ('KS Eve-nement Zakopane', 2014, 'Zakopane');
INSERT INTO KLUBY_SPORTOWE VALUES ('SV Schwarzbach Salzburg', 1951, 'Salzburg');
INSERT INTO KLUBY_SPORTOWE VALUES ('TS Wis³a Zakopane', 1926, 'Zakopane');
INSERT INTO KLUBY_SPORTOWE VALUES ('Sapporo Ski Club', 1954, 'Sapporo');
INSERT INTO KLUBY_SPORTOWE VALUES ('Sapporo Speed Skating Club', 1977, 'Sapporo');
INSERT INTO KLUBY_SPORTOWE VALUES ('Dukla Liberec', 1968, 'Liberec');
INSERT INTO KLUBY_SPORTOWE VALUES ('TSV Garmisch', 1926, 'Garmisch-Partenkirchen');
INSERT INTO KLUBY_SPORTOWE VALUES ('NEC', 2018, 'Andorra la Vella');
INSERT INTO KLUBY_SPORTOWE VALUES ('Park City Ski Club', 1970, 'Park City');
INSERT INTO KLUBY_SPORTOWE VALUES ('Sigulda National Luge', 1970, 'Sigulda');
INSERT INTO KLUBY_SPORTOWE VALUES ('Simostranda IL', 1984, 'Lillehammer');
INSERT INTO KLUBY_SPORTOWE VALUES ('CS Courchevel', 1958, 'Courchevel');
INSERT INTO KLUBY_SPORTOWE VALUES ('CS CARABINIERI', 1979, 'Val di Fiemme');
INSERT INTO KLUBY_SPORTOWE VALUES ('Heming', 2000, 'Oslo');
INSERT INTO KLUBY_SPORTOWE VALUES ('Rukeen Urheilijat', 1994, 'Kuusamo');
INSERT INTO KLUBY_SPORTOWE VALUES ('GBU TUTS', 2014, 'Sochi');
INSERT INTO KLUBY_SPORTOWE VALUES ('TSV Engelberg', 1947, 'Engelberg');
INSERT INTO KLUBY_SPORTOWE VALUES ('Planica Ski Club', 1968, 'Planica');
INSERT INTO KLUBY_SPORTOWE VALUES ('Rasnov Ski Club', 2007, 'Rasnov');
INSERT INTO KLUBY_SPORTOWE VALUES ('Ostersunds BK', 2001, 'Ostersund');
INSERT INTO KLUBY_SPORTOWE VALUES ('Muju', 1998, 'Pyeongchang');

	


INSERT INTO ZAWODNICY VALUES ((SELECT id FROM OSOBY WHERE Nazwisko = 'Geiger' AND Imie = 'Karl'), 'A', 1, 2009, 'SC 1906 Oberstdorf', 'Skoki narciarskie');
INSERT INTO ZAWODNICY VALUES ((SELECT id FROM OSOBY WHERE Nazwisko = 'Stoch' AND Imie = 'Kamil'), 'A', 1, 2003, 'TS Wis³a Zakopane', 'Skoki narciarskie');
INSERT INTO ZAWODNICY VALUES ((SELECT id FROM OSOBY WHERE Nazwisko = 'Kraft' AND Imie = 'Stefan'), 'A', 1, 2010, 'SV Schwarzbach Salzburg', 'Skoki narciarskie');
INSERT INTO ZAWODNICY VALUES ((SELECT id FROM OSOBY WHERE Nazwisko = 'Takanashi' AND Imie = 'Sara'), 'A', 1, 2013, 'Sapporo Ski Club', 'Skoki narciarskie');
INSERT INTO ZAWODNICY VALUES ((SELECT id FROM OSOBY WHERE Nazwisko = 'Altimiras' AND Imie = 'Irineu Esteve'), 'A', 1, 2017, 'NEC', 'Biegi narciarskie');
INSERT INTO ZAWODNICY VALUES ((SELECT id FROM OSOBY WHERE Nazwisko = 'Larson' AND Imie = 'Casey'), 'B', 1, 2012, 'Park City Ski Club', 'Narciarstwo alpejskie');
INSERT INTO ZAWODNICY VALUES ((SELECT id FROM OSOBY WHERE Nazwisko = 'Kalinichenko' AND Imie = 'Vitaliy'), 'A', 1, 2016, 'Sigulda National Luge', 'Saneczkarstwo');
INSERT INTO ZAWODNICY VALUES ((SELECT id FROM OSOBY WHERE Nazwisko = 'Bjoerndalen' AND Imie = 'Ole Einar'), 'A', 0, 1994, 'Simostranda IL', 'Biathlon');
INSERT INTO ZAWODNICY VALUES ((SELECT id FROM OSOBY WHERE Nazwisko = 'Clair' AND Imie = 'Julia'), 'B', 1, 2017, 'CS Courchevel', 'Skeleton');
INSERT INTO ZAWODNICY VALUES ((SELECT id FROM OSOBY WHERE Nazwisko = 'Bresadola' AND Imie = 'Giovanni'), 'A', 1, 2016, 'CS CARABINIERI', '£y¿wiarstwo figurowe');
INSERT INTO ZAWODNICY VALUES ((SELECT id FROM OSOBY WHERE Nazwisko = 'Lundby' AND Imie = 'Maren'), 'C', 1, 2012, 'Simostranda IL', 'Snowboard');
INSERT INTO ZAWODNICY VALUES ((SELECT id FROM OSOBY WHERE Nazwisko = 'Althaus' AND Imie = 'Katharina'), 'B', 1, 2015, 'TSV Garmisch', 'Kombinacja norweska');
INSERT INTO ZAWODNICY VALUES ((SELECT id FROM OSOBY WHERE Nazwisko = 'Riiber' AND Imie = 'Jarl Magnus'), 'A', 1, 2009, 'Heming', 'Kombinacja norweska');
INSERT INTO ZAWODNICY VALUES ((SELECT id FROM OSOBY WHERE Nazwisko = 'Ilves' AND Imie = 'Kristjan'), 'A', 1, 2013, 'Rukeen Urheilijat', 'Kombinacja norweska');
INSERT INTO ZAWODNICY VALUES ((SELECT id FROM OSOBY WHERE Nazwisko = 'Klimov' AND Imie = 'Evgeniy'), 'B', 0, 2010, 'GBU TUTS', 'Kombinacja norweska');
INSERT INTO ZAWODNICY VALUES ((SELECT id FROM OSOBY WHERE Nazwisko = 'Deschwanden' AND Imie = 'Gregor'), 'A', 1, 2010, 'TSV Engelberg', 'Bobsleje');
INSERT INTO ZAWODNICY VALUES ((SELECT id FROM OSOBY WHERE Nazwisko = 'Boyd-Clowes' AND Imie = 'Mackenzie'), 'B', 1, 2012, 'Park City Ski Club', 'Saneczkarstwo');
INSERT INTO ZAWODNICY VALUES ((SELECT id FROM OSOBY WHERE Nazwisko = 'Jelar' AND Imie = 'Ziga'), 'B', 0, 2005, 'Planica Ski CLub', 'Narciarstwo alpejskie');
INSERT INTO ZAWODNICY VALUES ((SELECT id FROM OSOBY WHERE Nazwisko = 'Zajc' AND Imie = 'Timi'), 'A', 1, 2018, 'Planica Ski CLub', 'Biegi narciarskie');
INSERT INTO ZAWODNICY VALUES ((SELECT id FROM OSOBY WHERE Nazwisko = 'Aalto' AND Imie = 'Antti'), 'A', 1, 2014, 'Rukeen Urheilijat', 'Biegi narciarskie');
INSERT INTO ZAWODNICY VALUES ((SELECT id FROM OSOBY WHERE Nazwisko = 'Eisenbichler' AND Imie = 'Markus'), 'A', 1, 2008, 'SC 1906 Oberstdorf', 'Skoki narciarskie');
INSERT INTO ZAWODNICY VALUES ((SELECT id FROM OSOBY WHERE Nazwisko = 'Kramer' AND Imie = 'Marita'), 'A', 1, 2017, 'SV Schwarzbach Salzburg', '£y¿wiarstwo figurowe');
INSERT INTO ZAWODNICY VALUES ((SELECT id FROM OSOBY WHERE Nazwisko = 'Ito' AND Imie = 'Yuki'), 'A', 1, 2017, 'Sapporo Speed Skating Club', '£y¿wiarstwo szybkie');
INSERT INTO ZAWODNICY VALUES ((SELECT id FROM OSOBY WHERE Nazwisko = 'Haralambie' AND Imie = 'Daniela Vasilica'), 'B', 1, 2013, 'Rasnov Ski Club', 'Narciarstwo alpejskie');
INSERT INTO ZAWODNICY VALUES ((SELECT id FROM OSOBY WHERE Nazwisko = 'Rogelj' AND Imie = 'Spelja'), 'C', 0, 2017, 'Planica Ski Club', 'Narciarstwo alpejskie');
INSERT INTO ZAWODNICY VALUES ((SELECT id FROM OSOBY WHERE Nazwisko = 'Hauswirth' AND Imie = 'Sandro'), 'B', 1, 2016, 'TSV Engelberg', 'Bobsleje');
INSERT INTO ZAWODNICY VALUES ((SELECT id FROM OSOBY WHERE Nazwisko = 'Zografski' AND Imie = 'Vladimir'), 'A', 1, 2009, 'Rasnov Ski Club', 'Skoki narciarskie');
INSERT INTO ZAWODNICY VALUES ((SELECT id FROM OSOBY WHERE Nazwisko = 'Kablukova' AND Imie = 'Ksenya'), 'B', 1, 2020, 'GBU TUTS', 'Biathlon');
INSERT INTO ZAWODNICY VALUES ((SELECT id FROM OSOBY WHERE Nazwisko = 'Norstedt' AND Imie = 'Astrid'), 'A', 1, 2015, 'Ostersunds BK', 'Biegi narciarskie');
INSERT INTO ZAWODNICY VALUES ((SELECT id FROM OSOBY WHERE Nazwisko = 'Choi' AND Imie = 'Seou'), 'A', 0, 1998, 'Muju', '£y¿wiarstwo szybkie');
INSERT INTO ZAWODNICY VALUES ((SELECT id FROM OSOBY WHERE Nazwisko = 'Nezhborts' AND Imie = 'Kristaps'), 'C', 0, 2016, 'Sigulda National Luge', 'Saneczkarstwo');
INSERT INTO ZAWODNICY VALUES ((SELECT id FROM OSOBY WHERE Nazwisko = 'Boe' AND Imie = 'Tarjei'), 'A', 0, 2009, 'Heming', 'Biathlon');
INSERT INTO ZAWODNICY VALUES ((SELECT id FROM OSOBY WHERE Nazwisko = 'Boe' AND Imie = 'Johannes Thingnes'), 'A', 0, 2013, 'Heming', 'Biathlon');



INSERT INTO TRENERZY VALUES ((SELECT id FROM OSOBY WHERE Nazwisko = 'Horngacher' AND Imie = 'Stefan'), 2005, 'S', '2025-12-31', 'SV Schwarzbach Salzburg');
INSERT INTO TRENERZY VALUES ((SELECT id FROM OSOBY WHERE Nazwisko = 'Dolezal' AND Imie = 'Michal'), 2013, 'S', '2024-12-31', 'Dukla Liberec');
INSERT INTO TRENERZY VALUES ((SELECT id FROM OSOBY WHERE Nazwisko = 'Morassi' AND Imie = 'Andrea'), 2015, 'A', '2024-06-30', 'CS CARABINIERI');
INSERT INTO TRENERZY VALUES ((SELECT id FROM OSOBY WHERE Nazwisko = 'Stoeckl' AND Imie = 'Alexander'), 2002, 'S', '2023-06-30', 'Simostranda IL');
INSERT INTO TRENERZY VALUES ((SELECT id FROM OSOBY WHERE Nazwisko = 'Miyahira' AND Imie = 'Hideharu'), 2006, 'A', '2027-12-31', 'Sapporo Speed Skating Club');
INSERT INTO TRENERZY VALUES ((SELECT id FROM OSOBY WHERE Nazwisko = 'Juris' AND Imie = 'Jaan'), 2015, 'B', '2022-12-31', 'Rukeen Urheilijat');
INSERT INTO TRENERZY VALUES ((SELECT id FROM OSOBY WHERE Nazwisko = 'Felder' AND Imie = 'Andreas'), 2004, 'S', '2025-12-31', 'SC 1906 Oberstdorf');
INSERT INTO TRENERZY VALUES ((SELECT id FROM OSOBY WHERE Nazwisko = 'Maciusiak' AND Imie = 'Maciej'), 2011, 'A', '2023-03-31', 'KS Eve-nement Zakopane');
INSERT INTO TRENERZY VALUES ((SELECT id FROM OSOBY WHERE Nazwisko = 'Liegl' AND Imie = 'Florian'), 2016, 'B', '2020-03-31', 'Sigulda National Luge');
INSERT INTO TRENERZY VALUES ((SELECT id FROM OSOBY WHERE Nazwisko = 'Norcic' AND Imie = 'Bine'), 2004, 'A', '2026-06-30', 'Park City Ski Club');
INSERT INTO TRENERZY VALUES ((SELECT id FROM OSOBY WHERE Nazwisko = 'Antonissen' AND Imie = 'Lars'), 2018, 'C', '2024-06-30', 'TSV Garmisch');
INSERT INTO TRENERZY VALUES ((SELECT id FROM OSOBY WHERE Nazwisko = 'Bertoncelj' AND Imie = 'Gorazd'), 2000, 'S', '2021-06-30', 'Planica Ski Club');



INSERT INTO OBIEKTY_SPORTOWE VALUES ('Velikanka', 'Skocznia narciarska', 1, 'HS 240', 'Planica');
INSERT INTO OBIEKTY_SPORTOWE VALUES ('Wielka Krokiew', 'Skocznia narciarska', 1, 'HS 140', 'Zakopane');
INSERT INTO OBIEKTY_SPORTOWE VALUES ('Bergisel', 'Skocznia narciarska', 1, 'HS 130', 'Innsbruck');
INSERT INTO OBIEKTY_SPORTOWE VALUES ('Oberstdorf Biathlon Centre', 'Trasa biathlonowa', 1, '3.0km', 'Oberstdorf');
INSERT INTO OBIEKTY_SPORTOWE VALUES ('Ruka Ski Centre', 'Trasa biegowa', 1, '5.0km', 'Kuusamo');
INSERT INTO OBIEKTY_SPORTOWE VALUES ('Garmisch Alpine', 'Trasa zjazdowa', 1, '1451m', 'Garmisch-Partenkirchen');
INSERT INTO OBIEKTY_SPORTOWE VALUES ('Sochi Krasnaya Polana', 'Trasa zjazdowa', 1, '1840m', 'Sochi');
INSERT INTO OBIEKTY_SPORTOWE VALUES ('Sigulda Luge Track', 'Tor bobsjelowo-saneczkowy', 1, '758m', 'Sigulda');
INSERT INTO OBIEKTY_SPORTOWE VALUES ('Innsbruck Luge Track', 'Tor bobsjelowo-saneczkowy', 1, '908m', 'Innsbruck');
INSERT INTO OBIEKTY_SPORTOWE VALUES ('Ostersund Biathlon Arena', 'Trasa biathlonowa', 1, '3.5km', 'Ostersund');
INSERT INTO OBIEKTY_SPORTOWE VALUES ('Heerenveen Speed Skating Ring', 'Lodowisko', 1, '400m', 'Heerenveen');
INSERT INTO OBIEKTY_SPORTOWE VALUES ('Wis³a Arena', 'Lodowisko', 1, '400m', 'Wisla');
INSERT INTO OBIEKTY_SPORTOWE VALUES ('Sapporo Skating', 'Lodowisko', 1, '400m', 'Sapporo');
INSERT INTO OBIEKTY_SPORTOWE VALUES ('Beijing Ice Skating Ring', 'Lodowisko', 1, '400m', 'Pekin');
INSERT INTO OBIEKTY_SPORTOWE VALUES ('Oslo-Holmenkollen', 'Kompleks dla kombinacji', 1, 'HS134 + 10.0km', 'Oslo');
INSERT INTO OBIEKTY_SPORTOWE VALUES ('Ramsau Ski Complex', 'Kompleks dla kombinacji', 1, 'HS98 + 5.0km', 'Ramsau');
INSERT INTO OBIEKTY_SPORTOWE VALUES ('Salzburg Biathlon Arena', 'Trasa biathlonowa', 1, '2.5km', 'Salzburg');
INSERT INTO OBIEKTY_SPORTOWE VALUES ('Falun Cross-Country Arena', 'Trasa biegowa', 1, '7.5km', 'Falun');
INSERT INTO OBIEKTY_SPORTOWE VALUES ('Oberstdorf Cross-Country Centre', 'Trasa biegowa', 1, '10.0km', 'Oberstdorf');
INSERT INTO OBIEKTY_SPORTOWE VALUES ('Oberstdorf Snowboard Arena', 'Trasa snowboardowa', 0, '1168m', 'Oberstdorf');
INSERT INTO OBIEKTY_SPORTOWE VALUES ('Pyeongchang Snowboard Complex', 'Trasa snowboardowa', 1, '1419m', 'Pyeongchang');
INSERT INTO OBIEKTY_SPORTOWE VALUES ('Pyeongchang Alpine Centre', 'Trasa zjazdowa', 1, '1548m', 'Pyeongchang');
INSERT INTO OBIEKTY_SPORTOWE VALUES ('Calgary Halfpipe Arena', 'Trasa snowboardowa', 1, NULL, 'Calgary');

INSERT INTO ZAWODY VALUES (114884,'Zakopane FIS Ski Jumping World Cup 2020', '2020-01-19', '13:30', 'Puchar Œwiata', 1, 'Skoki narciarskie', 'Wielka Krokiew');
INSERT INTO ZAWODY VALUES (132489,'Biathlon IBU World Cup Salzburg', '2020-02-18', '16:30', 'Puchar Œwiata', 1, 'Biathlon', 'Salzburg Biathlon Arena');
INSERT INTO ZAWODY VALUES (28746,'Biathlon IBU World Championships - Sprint 10.0km M', '2007-11-30', '15:15', 'Mistrzostwa Œwiata', 1, 'Biathlon', 'Ostersund Biathlon Arena');
INSERT INTO ZAWODY VALUES (28781,'Biathlon IBU World Championships - Pursuit 15km M', '2007-12-01', '15:15', 'Mistrzostwa Œwiata', 1, 'Biathlon', 'Ostersund Biathlon Arena');
INSERT INTO ZAWODY VALUES (119310,'FIS Ski Jumping Planica 2020', '2020-03-20', '10:30', 'Puchar Œwiata', 1, 'Skoki narciarskie', 'Velikanka');
INSERT INTO ZAWODY VALUES (116548,'Vierschanzentournee: Innsbruck', '2020-01-03', '14:00', 'Puchar Œwiata', 1, 'Skoki narciarskie', 'Bergisel');
INSERT INTO ZAWODY VALUES (117019,'Continental Cup Zakopane 2018', '2018-02-05', '12:00', 'Puchar Kontynentalny', 1, 'Skoki narciarskie', 'Wielka Krokiew');
INSERT INTO ZAWODY VALUES (111700,'Oberstdorf BMW IBU World Cup - Individual W', '2019-11-25', '17:00', 'Puchar Œwiata', 0, 'Biathlon', 'Oberstdorf Biathlon Centre');
INSERT INTO ZAWODY VALUES (111756,'Oberstdorf BMW IBU World Cup - Sprint 7.5km W', '2019-11-26', '14:00', 'Puchar Œwiata', 1, 'Biathlon', 'Oberstdorf Biathlon Centre');
INSERT INTO ZAWODY VALUES (102102,'Oberstdorf BMW IBU World Cup - Sprint 10.0km M', '2016-11-26', '17:00', 'Puchar Œwiata', 1, 'Biathlon', 'Oberstdorf Biathlon Centre');
INSERT INTO ZAWODY VALUES (122188,'FIS Race - Crosscountry Falun 7.5km C', '2020-12-08', '11:00', 'FIS Cup', 1, 'Biegi narciarskie', 'Falun Cross-Country Arena');
INSERT INTO ZAWODY VALUES (122954,'FIS World Cup Cross-Country Ruka sprint 1.6km C', '2020-12-16', '11:00', 'Puchar Œwiata', 1, 'Biegi narciarskie', 'Ruka Ski Centre');
INSERT INTO ZAWODY VALUES (122977,'FIS World Cup Cross-Country Ruka 20.0km F', '2020-12-17', '14:00', 'Puchar Œwiata', 1, 'Biegi narciarskie', 'Ruka Ski Centre');
INSERT INTO ZAWODY VALUES (119185,'Nordic Combined World Cup Oslo HS134+5.0km M', '2019-02-18', '10:00', 'Puchar Œwiata', 1, 'Kombinacja norweska', 'Oslo-Holmenkollen');
INSERT INTO ZAWODY VALUES (119186,'Nordic Combined World Cup Oslo HS134+5.0km W', '2019-02-18', '12:00', 'Puchar Œwiata', 1, 'Kombinacja norweska', 'Oslo-Holmenkollen');
INSERT INTO ZAWODY VALUES (110899,'Nordic Combined Continental Cup Ramsau HS98+7.5km', '2018-03-11', '09:30', 'Puchar Kontynentalny', 0, 'Kombinacja norweska', 'Ramsau Ski Complex');
INSERT INTO ZAWODY VALUES (110948,'Nordic Combined Continental Cup Ramsau HS98+10.0km', '2018-03-12', '09:30', 'Puchar Kontynentalny', 1, 'Kombinacja norweska', 'Ramsau Ski Complex');
INSERT INTO ZAWODY VALUES (143842,'Alpine Skiing World Cup Slalom Garmisch M', '2020-01-26', '09:00', 'Puchar Œwiata', 1, 'Narciarstwo alpejskie', 'Garmisch Alpine');
INSERT INTO ZAWODY VALUES (147492,'Alpine Skiing World Cup Slalom Garmisch M', '2020-01-26', '09:00', 'Puchar Œwiata', 1, 'Narciarstwo alpejskie', 'Garmisch Alpine');
INSERT INTO ZAWODY VALUES (114510,'Alpine Skiing Downhill M Sochi 2014', '2014-02-15', '11:00', 'Igrzyska olimpijskie', 1, 'Narciarstwo alpejskie', 'Sochi Krasnaya Polana');
INSERT INTO ZAWODY VALUES (138027,'Alpine Skiing Giant Slalom W Pyeongchang 2018', '2018-02-13', '04:00', 'Igrzyska olimpijskie', 1, 'Narciarstwo alpejskie', 'Pyeongchang Alpine Centre');
INSERT INTO ZAWODY VALUES (150981,'Asian Cup 2019 Pyeongchang Giant Slalom', '2019-01-05', '03:00', 'Puchar Azji', 1, 'Narciarstwo alpejskie', 'Pyeongchang Alpine Centre');
INSERT INTO ZAWODY VALUES (94874,'Speed Skating World Cup Heerenveen 2013: 500m M', '2013-03-15', '16:00', 'Puchar Œwiata', 1, '£y¿wiarstwo szybkie', 'Heerenveen Speed Skating Ring');
INSERT INTO ZAWODY VALUES (105483,'Speed Skating World Cup Sapporo 2015: 2000m M', '2015-01-07', '07:00', 'Puchar Kontynentalny', 1, '£y¿wiarstwo szybkie', 'Sapporo Skating');
INSERT INTO ZAWODY VALUES (142533,'Speed Skating World Cup Heerenveen 2019: 1000m M', '2019-01-30', '19:00', 'Puchar Œwiata', 1, '£y¿wiarstwo szybkie', 'Heerenveen Speed Skating Ring');
INSERT INTO ZAWODY VALUES (87155,'Ostersund IBU Cup Individual 20.0km', '2013-02-22', '12:00', 'Puchar IBU', 1, 'Biathlon', 'Ostersund Biathlon Arena');
INSERT INTO ZAWODY VALUES (150181, 'FIL Luge World Cup: Sigulda 2018 M', '2018-11-23', '12:30', 'Puchar Œwiata', 1, 'Saneczkarstwo', 'Sigulda Luge Track');
INSERT INTO ZAWODY VALUES (152659, 'FIL Luge World Champs: Innsbruck 2019 M', '2019-01-20', '14:30', 'Mistrzostwa Œwiata', 1, 'Saneczkarstwo', 'Innsbruck Luge Track');
INSERT INTO ZAWODY VALUES (160334, 'Figure Skating World Cup Sapporo 2019', '2019-02-11', '08:30', 'Puchar Œwiata', 1, '£y¿wiarstwo figurowe', 'Beijing Ice Skating Ring');



INSERT INTO WYNIKI VALUES ((SELECT id FROM OSOBY WHERE Nazwisko = 'Geiger' AND Imie = 'Karl'), 114884, 1, '287.4p', 10000.00, 100);
INSERT INTO WYNIKI VALUES ((SELECT id FROM OSOBY WHERE Nazwisko = 'Stoch' AND Imie = 'Kamil'), 114884, 4, '274.1p', 5300.00, 50);
INSERT INTO WYNIKI VALUES ((SELECT id FROM OSOBY WHERE Nazwisko = 'Zografski' AND Imie = 'Vladimir'), 114884, 44, '89.4p', 0.00, 0);
INSERT INTO WYNIKI VALUES ((SELECT id FROM OSOBY WHERE Nazwisko = 'Geiger' AND Imie = 'Karl'), 119310, 8, '421.5p', 3200.00, 32);
INSERT INTO WYNIKI VALUES ((SELECT id FROM OSOBY WHERE Nazwisko = 'Stoch' AND Imie = 'Kamil'), 119310, 5, '425.7p', 4500.00, 45);
INSERT INTO WYNIKI VALUES ((SELECT id FROM OSOBY WHERE Nazwisko = 'Kraft' AND Imie = 'Stefan'), 119310, 3, '430.2p', 6200.00, 60);
INSERT INTO WYNIKI VALUES ((SELECT id FROM OSOBY WHERE Nazwisko = 'Zografski' AND Imie = 'Vladimir'), 119310, 25, '374.2', 600.00, 6);
INSERT INTO WYNIKI VALUES ((SELECT id FROM OSOBY WHERE Nazwisko = 'Kraft' AND Imie = 'Stefan'), 116548, 2, '284.8p', 8000.00, 80);
INSERT INTO WYNIKI VALUES ((SELECT id FROM OSOBY WHERE Nazwisko = 'Stoch' AND Imie = 'Kamil'), 116548, 6, '276.6p', 4000.00, 40);
INSERT INTO WYNIKI VALUES ((SELECT id FROM OSOBY WHERE Nazwisko = 'Eisenbichler' AND Imie = 'Markus'), 119310, 17, '402.8p', 1400.00, 14);
INSERT INTO WYNIKI VALUES ((SELECT id FROM OSOBY WHERE Nazwisko = 'Bjoerndalen' AND Imie = 'Ole Einar'), 28746, 15, '25:17.6', 1245.00, 26);
INSERT INTO WYNIKI VALUES ((SELECT id FROM OSOBY WHERE Nazwisko = 'Bjoerndalen' AND Imie = 'Ole Einar'), 28781, 10, '31:04.8', 2047.25, 36);
INSERT INTO WYNIKI VALUES ((SELECT id FROM OSOBY WHERE Nazwisko = 'Zografski' AND Imie = 'Vladimir'), 117019, 3, '294.2p', 500.00, 60);
INSERT INTO WYNIKI VALUES ((SELECT id FROM OSOBY WHERE Nazwisko = 'Kablukova' AND Imie = 'Ksenya'), 111756, 33, '28:58.4', 350.00, 8);
INSERT INTO WYNIKI VALUES ((SELECT id FROM OSOBY WHERE Nazwisko = 'Zajc' AND Imie = 'Timi'), 122188, 8, '22:17.5', 250.00, 32);
INSERT INTO WYNIKI VALUES ((SELECT id FROM OSOBY WHERE Nazwisko = 'Aalto' AND Imie = 'Antti'), 122188, 21, '22:48.9', 0.00, 10);
INSERT INTO WYNIKI VALUES ((SELECT id FROM OSOBY WHERE Nazwisko = 'Zajc' AND Imie = 'Timi'), 122954, 18, '3:15.48 (Quarter-final)', 1345.00, 13);
INSERT INTO WYNIKI VALUES ((SELECT id FROM OSOBY WHERE Nazwisko = 'Altimiras' AND Imie = 'Irineu Esteve'), 122954, 52, '3:27.41 (Q)', 0.00, 0);
INSERT INTO WYNIKI VALUES ((SELECT id FROM OSOBY WHERE Nazwisko = 'Altimiras' AND Imie = 'Irineu Esteve'), 122977, 12, '45:11.8', 2425.00, 22);
INSERT INTO WYNIKI VALUES ((SELECT id FROM OSOBY WHERE Nazwisko = 'Zajc' AND Imie = 'Timi'), 122977, 45, '48:33.2', 0.00, 0);
INSERT INTO WYNIKI VALUES ((SELECT id FROM OSOBY WHERE Nazwisko = 'Aalto' AND Imie = 'Antti'), 122977, 36, '48:00.8', 0.00, 0);
INSERT INTO WYNIKI VALUES ((SELECT id FROM OSOBY WHERE Nazwisko = 'Riiber' AND Imie = 'Jarl Magnus'), 119185, 1, '128.5m / 17:14.8', 5000.00, 100);
INSERT INTO WYNIKI VALUES ((SELECT id FROM OSOBY WHERE Nazwisko = 'Ilves' AND Imie = 'Kristjan'), 119185, 15, '115.5m / 18:06.3', 825.00, 16);
INSERT INTO WYNIKI VALUES ((SELECT id FROM OSOBY WHERE Nazwisko = 'Althaus' AND Imie = 'Katharina'), 119186, 6, '104.0m / 20:41.5', 2045.33, 40);
INSERT INTO WYNIKI VALUES ((SELECT id FROM OSOBY WHERE Nazwisko = 'Ilves' AND Imie = 'Kristjan'), 110948, 4, '96.0m / 26:00.8', 600.00, 50);
INSERT INTO WYNIKI VALUES ((SELECT id FROM OSOBY WHERE Nazwisko = 'Larson' AND Imie = 'Casey'), 143842, 13, '1:54.48', 2145.00, 20);
INSERT INTO WYNIKI VALUES ((SELECT id FROM OSOBY WHERE Nazwisko = 'Jelar' AND Imie = 'Ziga'), 143842, 22, '1:55.08', 936.00, 9);
INSERT INTO WYNIKI VALUES ((SELECT id FROM OSOBY WHERE Nazwisko = 'Larson' AND Imie = 'Casey'), 114510, 64, '2:11.48', 0.00, 0);
INSERT INTO WYNIKI VALUES ((SELECT id FROM OSOBY WHERE Nazwisko = 'Jelar' AND Imie = 'Ziga'), 114510, 18, '2:08.11', 0.00, 0);
INSERT INTO WYNIKI VALUES ((SELECT id FROM OSOBY WHERE Nazwisko = 'Haralambie' AND Imie = 'Daniela Vasilica'), 138027, 50, '1:44.15', 0.00, 0);
INSERT INTO WYNIKI VALUES ((SELECT id FROM OSOBY WHERE Nazwisko = 'Rogelj' AND Imie = 'Spelja'), 138027, 20, '1:41.97', 0.00, 0);
INSERT INTO WYNIKI VALUES ((SELECT id FROM OSOBY WHERE Nazwisko = 'Choi' AND Imie = 'Seou'), 94874, 7, '34.88', 2341.49, 30);
INSERT INTO WYNIKI VALUES ((SELECT id FROM OSOBY WHERE Nazwisko = 'Choi' AND Imie = 'Seou'), 105483, 2, '2:07.49', 715.00, 54);
INSERT INTO WYNIKI VALUES ((SELECT id FROM OSOBY WHERE Nazwisko = 'Ito' AND Imie = 'Yuki'), 142533, 4, '1:11.28', 3512.48, 42);
INSERT INTO WYNIKI VALUES ((SELECT id FROM OSOBY WHERE Nazwisko = 'Boe' AND Imie = 'Tarjei'), 102102, 7, '25:47.8', 3300.00, 42);
INSERT INTO WYNIKI VALUES ((SELECT id FROM OSOBY WHERE Nazwisko = 'Boe' AND Imie = 'Johannes Thingnes'), 102102, 12, '26:01.3', 2200.00, 32);
INSERT INTO WYNIKI VALUES ((SELECT id FROM OSOBY WHERE Nazwisko = 'Boe' AND Imie = 'Johannes Thingnes'), 87155, 29, '1:00:08.8', 0.00, 12);
INSERT INTO WYNIKI VALUES ((SELECT id FROM OSOBY WHERE Nazwisko = 'Nezhborts' AND Imie = 'Kristaps'), 150181, 8, '1:27.561', 1600.00, 32);
INSERT INTO WYNIKI VALUES ((SELECT id FROM OSOBY WHERE Nazwisko = 'Kalinichenko' AND Imie = 'Vitaliy'), 150181, 21, '1:29.332', 250.00, 10);
INSERT INTO WYNIKI VALUES ((SELECT id FROM OSOBY WHERE Nazwisko = 'Boyd-Clowes' AND Imie = 'Mackenzie'), 150181, 3, '1:27.215', 5000.00, 60);
INSERT INTO WYNIKI VALUES ((SELECT id FROM OSOBY WHERE Nazwisko = 'Kalinichenko' AND Imie = 'Vitaliy'), 152659, 24, '1:41.594', 100.00, 0);
INSERT INTO WYNIKI VALUES ((SELECT id FROM OSOBY WHERE Nazwisko = 'Boyd-Clowes' AND Imie = 'Mackenzie'), 152659, 10, '1:40.416', 1500.00, 0);
INSERT INTO WYNIKI VALUES ((SELECT id FROM OSOBY WHERE Nazwisko = 'Kramer' AND Imie = 'Marita'), 160334, 13, '78.58p', 1605.00, 10);



